,0,1,2,3,4,5,6,7,8,9,10,11,12,13,14,15,16,17,18,19,20,21,22,23,24,25,26,27,28,29,30,31,32,33,34,35,36,37,38,39,40,41,42,43,44,45
0,,22463.239664698096,26483.512404574707,6239.971838390055,31023.06865186374,4718.09924455583,21053.822102983886,10200.857895057676,13002.898837033721,8830.213376090851,27752.75161774164,20498.468108887817,14486.684808564996,27692.80395705963,28475.04907959902,9081.818033200509,8655.522444529577,11986.071553997792,14438.86960240055,19547.742453314397,29171.74992887485,12666.919626658226,14681.988269244275,19527.59079622929,19252.482150607793,9841.526526356773,15605.03104536231,25155.289069113016,17826.331078357904,7510.473315848517,8103.293643039573,20693.29384025116,17468.60425372731,5488.208603226966,14198.275560718692,12140.366034593437,8725.783661099586,9927.480432927228,7367.861527169975,21923.502175211892,13947.101380981714,20607.36514862652,12436.687123931986,13638.312948542927,6061.203892187779,10897.250310617314
1,,21497.19249794166,26127.727673147045,5996.635154412666,30123.625197128196,4689.2539492902515,20478.059815612854,9818.492291718834,13100.808846550219,8694.926470741062,26936.586218520788,20434.101031940867,15022.277542135042,27954.65464474319,27109.998552007277,9254.81106767885,8783.601377481706,11694.513895115033,15659.474806579943,20170.002438969128,28227.760993733846,13832.506887785872,15618.755563534361,21043.699022857552,18655.44768742457,10154.721012495473,14416.555475787518,25342.97274867067,15904.471782617646,7933.4602018311025,8233.99054427811,20520.60011273606,17481.725602897528,4889.310245844652,13708.30594344067,10603.402460450012,7825.138407666423,9775.029183517943,6762.608120061644,22184.207289850714,13358.83181674083,20404.83284647225,10436.130297489883,13220.448122695932,6054.128490285279,10996.474032237535
2,,20898.727424502278,24943.802052086758,5731.528186149687,27980.992885309028,4861.891702613894,19611.556710882243,9054.518956006115,12942.510706090789,8596.087796326752,23432.319891981522,18765.090167112387,15456.405607752065,26250.97237907424,26529.0316929025,8614.739063128072,8852.084903984805,11909.70210094025,15434.501504045267,21200.430871667093,26865.928442888202,12766.343000063856,15467.697961832273,20721.05002106429,17717.513519948927,9828.490130987131,14173.650985950087,24700.349188673223,16991.95028107884,7865.291226177114,8087.297438028699,19318.393124382357,16069.100986936095,4486.142764856397,12626.667774898036,8241.867811292937,7501.581455222606,9960.566048658618,7002.639940289606,20927.03578501773,13391.96168970444,18782.774067470877,9708.491066198332,12666.553590939344,5948.241385342301,10804.656670968912
3,,21984.637787217842,24949.497277600538,5992.635355644741,28470.06875459412,5177.427560157776,19645.367915081773,8791.244007751084,13209.143863735615,8872.748470857237,22754.993641972127,18087.99901484429,15642.307525375076,25678.97448097241,29036.339613656597,8810.632335387298,8564.999159919429,14349.301156963624,14625.71348583601,22406.292084921846,28096.098235624788,11329.197396853831,15077.03149597313,19314.951961513685,18641.346398037895,9490.418496813587,15124.631663038279,25193.82759540084,19713.37917976661,7891.922746520375,8184.8189223955305,19319.310706352713,15307.38208205796,4991.1806669259795,13030.33173232362,8911.744051854184,7876.086368012799,10324.978575295596,7644.399094860033,20405.682641005333,14097.412729839769,18275.637961807035,11525.035544411396,13475.539338658102,5901.367914094132,11182.778339368913
4,,22186.43231928332,25090.762670691027,6232.831065405942,29582.286593129847,5143.471716455794,19363.713854639424,9039.334850805284,13088.848038578732,8610.39180795732,24167.455938413186,18265.57311549762,14410.834549183319,25908.924847390845,29611.7397376765,9225.922666527436,8254.011046754553,16153.955763273294,13660.98382363393,21763.86351947216,29127.47750231806,10898.716277207779,14455.032008552389,17762.825499487048,19569.360168630585,9131.989272048038,15134.331367744277,25057.08792793602,18806.329651313237,7554.0741904799825,8500.657233529571,19701.178109012224,15408.845469566844,5597.695163393641,13727.22009338403,10007.051654750661,7646.668198099425,10131.878569054643,7589.73758500029,20347.420746493943,13932.217917961196,18634.040257539702,12657.860020610524,14592.413843266904,5745.181488277312,11212.242293190211
5,,19989.312752442336,23384.198093234598,5777.961737056079,27897.59984194179,4615.011202801511,17268.864622457702,8633.003527272385,11924.753904847124,7687.054089339043,22650.86370577709,16921.453700456754,12190.705622734196,24160.644662971557,24964.250637933765,8082.488883397122,8057.843850552982,14231.140075929048,11964.653274577195,18773.987550947197,26221.091746745606,10322.440184465928,12876.877912669319,15591.133638588393,17189.733372819224,8334.713503121953,13276.605970772167,21708.622028844406,14779.72005059557,6383.3797966463335,8326.696208726462,18490.45442753924,14992.14599070764,5247.334070779483,12680.291643273891,7475.2508835117405,6906.789651349368,9555.277710513312,7001.333399320044,18778.572795593576,12338.045796122442,17487.458850101073,11248.035134471265,14040.584424417179,5533.707506830806,9906.991101863638
6,,19187.44010000216,22700.752850664612,5619.198210425698,27022.678164150886,4383.719846069044,16361.244450925555,7923.572112974416,11560.769985748499,7737.552383919125,20987.58413352685,15970.7098751931,12135.61422395676,23265.070780582344,22569.477720933493,7156.569189307111,7806.6556960320595,11840.48237334612,11507.207242709555,17446.90363764408,24454.254816685912,9976.588191697574,12560.373942674945,14463.264581788602,15012.395313443343,8262.391810180501,12311.162036339716,19207.314814514768,14619.846926386439,6202.330140795895,7989.064412729492,17785.06534674445,14948.719331009612,4576.009633805537,11790.555280470362,5557.83453721909,7008.592051294869,9610.028017434473,6889.610100908741,17901.96228257731,11851.028573177751,16644.929939506328,10013.047886417567,12585.971887929061,5758.277779291115,9322.080982733078
7,,21276.60714005366,24770.713068140813,6360.958688351055,29254.133596861782,4719.545087044682,18190.54699781889,8025.592705286554,12656.358788422625,8703.847572670926,23001.43928490048,17589.925819387485,14011.593176171791,25539.589176555153,26130.834356524178,8094.497199119161,7357.5682062022315,12294.421788079128,13294.383085531621,19368.121497068416,27731.390447202273,10655.376687131007,14439.046231386645,15600.250582377907,16977.034978109234,9292.383877925933,13758.761664683634,21116.103774432457,18347.639807522955,7478.6357682698435,8168.588600946738,19198.646687257195,15917.611481611064,4850.140420875344,12737.076871833353,7571.697348629452,7851.160929675882,10197.988077632876,7197.250222083821,19408.14229884247,13449.884660107919,17989.513896096723,11008.702658186949,12463.453206515116,6138.735676624161,10521.944747213984
8,,21648.94434212203,25070.73408433181,6503.7050228285425,29589.847604765513,4693.229182379554,18558.102782845726,8194.196185719258,12799.837525807536,8483.146440027669,23915.78701055917,18256.385494652073,13703.834965162176,26317.100467821838,27427.20159274788,8438.69576293927,6895.888424875151,12931.642794704732,14009.506650820882,19982.15068999439,29220.019386249918,10606.443608110727,14841.427757062524,16158.38797073006,18658.203980950537,9363.525338815487,14668.524592725176,22883.396690892863,18235.005873519516,7605.079286528322,8274.905860173467,19679.075212772426,15982.424651031193,5663.027713402547,13156.385051821631,8217.80708540914,8153.953279378261,10257.114362267606,7184.0678872146655,19808.80955424966,14008.770312635532,18345.945793764775,12207.350319374493,13450.949919315519,5864.295103546956,10902.334314319598
9,,19399.635778633623,22723.917865111653,5614.860077692037,27701.9171030283,4221.1390416446,16817.348870488706,7779.9546086480095,11822.068505027013,7522.485819610052,22017.716682272992,16484.60697702739,12007.391805086145,24641.68359331475,24471.205337356205,7499.737617325602,7104.158207935781,12060.142381641255,12825.368664792366,18081.273028460502,25946.24799671703,9858.509089814577,13312.64946061016,15244.526624300077,16821.43030731042,8388.022200809086,13506.951442457894,21843.100492039423,14758.808190656977,6627.494902434904,7866.980498011467,18464.308224558146,15333.472608698472,5685.6488127947105,12381.558182384857,6175.202364078603,7749.276027510618,9863.204125483588,7053.880355736894,18603.398308354535,12601.804035610952,16980.593522668954,11646.858570306995,13626.97615505356,5358.565040767378,10018.585638931007
10,,19344.224879173617,23154.68359843633,5545.815610833108,29213.87931409485,4403.16171181803,17688.00551348551,7898.522897541165,12275.2877195396,8082.434853625431,23079.801508022978,16628.923759643967,13228.01560819537,25694.810110067618,25244.157559597887,8073.750186187901,7981.435794976858,12228.279297193207,13160.788002823901,18258.328217747214,25546.271602565987,10936.429232974142,14058.203200944763,15842.552091845437,16155.10243943312,8846.771448660353,12989.71823050159,22054.679917780126,15725.113575420693,7307.594039643177,7760.249225793586,18902.873631784943,16087.987456531322,5062.6921152743,13050.329513705194,7076.38100159953,7304.6424883046975,9914.28341472782,7307.568740998845,19683.232141609442,12429.533433964538,17689.591502620435,10547.674255675583,12714.890607345958,5549.815724182531,10557.329199591148
11,,21211.697622788623,25574.149138887322,6428.220952456609,31512.44521238709,4998.391278189163,19854.82968065177,8387.382208798026,13330.204870233301,9080.858068252779,25313.27510883138,18554.312005648713,15026.907607021914,27473.240571606013,28165.661511756975,9123.39227503,8040.8390238298525,13171.464445737853,14193.207944647618,20035.908428854025,28971.058295396455,12132.59444937497,15928.491007493336,16940.955826908437,17721.68304386421,10017.378285306699,13806.407680665168,23054.725739295896,19423.837925581534,8266.789764539442,8081.427781558762,20151.672851536216,16513.901189766537,5040.873924121905,14272.133796335753,9021.327448909835,6973.208352351376,10263.56427418219,7519.760120467789,20975.542992156952,13623.877406330052,19019.677706177335,10636.790231506302,11821.748307868767,5918.000822145723,11533.566354218874
12,,20873.51627383844,24899.40128030911,6411.8002292698375,29361.648366455083,4840.76883095748,18818.047115735073,7941.644715538832,12757.666239158953,8484.235471612647,23132.303881498738,17932.525283996732,13346.12448824429,25222.8941485589,26079.588018912764,7824.571676645324,6876.096597772013,12388.088881204254,12859.352628325483,19040.534223530438,29241.550631352195,10558.542501588136,14750.319874431028,15943.714574875103,17026.147743874808,9444.890974913804,13632.382037856105,21259.133509732474,18682.474573199783,6889.919814968572,7991.062575077562,19238.475441194703,14911.460801534744,5747.068668681419,13297.320791211312,6745.533591822881,6864.6446658419745,10307.574455858015,7362.768240562718,18708.153034456802,13174.537927924652,17280.663278409273,11657.420123573536,11484.28477077586,5745.376647135387,10415.643665018766
13,,20715.513450924904,24915.697251169488,6043.037882543462,29356.490333153877,4701.152767348264,19002.611407412336,7996.093778963461,12915.327023327496,8404.387055985291,23560.225874877975,17535.694850903565,12883.028775186947,25309.53305247378,25202.560003631606,7615.69467727063,6705.61836323621,11786.917010104326,12761.754029232547,18397.419422358646,28853.483214819327,10317.839011515869,14101.352990131109,17150.7102222843,16388.873111427944,9308.898353920287,13391.120709056442,21620.038695000687,16958.377776770034,6546.78389344263,7737.37333120856,19477.280424660174,15451.80562854029,6138.121457191996,12790.937106546335,6495.170663016932,7195.280867086596,10271.333641927817,7396.485753702673,18734.20559169343,12292.942948245498,17221.386619164747,12216.67251176119,11650.15665356048,5765.435272445389,10202.711046675076
14,,23888.444677574047,29744.68234712416,7146.011048480456,35818.86060496179,5797.41390103648,24560.812414861888,10123.346986775163,15520.486603178586,10588.846903738622,32059.813917396896,21171.585837955357,17543.28613663125,31971.6792961072,31753.897917688035,11487.301576286005,8315.050571336475,13462.15920344462,16843.334391725322,22305.066507373598,33340.57633248959,14560.047521131237,17937.32445195793,22966.19137030442,20161.02738995401,12031.113307982665,15276.506465980843,27835.767498439833,20276.94648973703,9925.971859410023,7883.794371788181,23279.7234098293,19650.92384920514,5781.653741694029,15350.01830422155,13309.97842643002,7341.3539086772225,10287.466749395611,7753.765480655242,24936.516242071473,13775.95972771496,22395.27122452228,11454.741394038836,11848.743246333961,6281.8064205618075,13357.399339187094
15,,25469.80655086687,31879.20219525644,8424.836570521453,37877.70094264296,6698.298205039415,27611.72417060654,11492.395435219933,16537.02733427086,11792.320103106911,36410.42641058879,23082.874822193502,20288.720787619794,34681.629931211064,35396.13711590395,13797.767236598262,8960.044708475292,14428.100045401738,18921.59892705697,24939.596981118015,36238.77046264018,16761.307117441833,20461.35226242142,25747.735957518275,22590.633749357203,13911.30932931322,16732.204786508544,30756.674187010558,23265.80040135936,11969.715213948133,7650.624898023295,24559.12952341489,21096.40277811994,5312.259069566504,16595.274597259042,16806.717322800017,6727.825733901705,9966.929385095878,7805.714615944243,27809.837520899568,15194.03485636605,24723.83673686347,10257.743274072627,11328.805861973888,6168.577624828224,15079.71469424742
16,,23211.080062187524,28483.955534301756,8016.940948125464,32427.869753351297,5947.3729872362655,24116.779452449635,10069.702913688694,14834.247417177243,10403.29075302975,31303.978145173656,20546.47880802715,17155.12556665382,30331.833833383316,31557.531914508003,11436.9332641202,7860.614678995327,13620.874333655021,16471.63269999743,22626.94008161717,34046.710276991034,13715.447112285536,18620.795328225042,23518.402028317712,19737.13847820879,12612.168802844912,15716.700744714808,26524.399222425454,21000.147253824805,10043.73121241743,6902.517149599888,21325.696908288763,18463.123964384948,5336.145163276867,14422.422849343231,11815.536519107458,6300.421262381966,9690.434281427582,7550.155549683454,23332.374578239775,14506.388348868753,20842.978740791466,10526.382920929176,10584.739427404664,5457.415378312276,13323.5601248284
17,,24166.63639443074,30729.32848374817,7541.076417889052,34159.8386057002,5285.11229735895,24373.371992039072,9690.066676196102,15814.08564743601,10295.645526953771,32374.2593491102,22233.62989742885,16434.864619900483,32806.708510368306,33628.03147813259,11312.367283993084,8523.48788851753,14642.178867925923,17544.550135229038,23578.510537162005,36751.02697023516,13774.947180741845,19899.09173639432,26498.346945130317,20150.04604374623,12838.91601838256,16059.385350252349,27091.683706695254,19836.651928926043,10089.165599033207,7097.830534435544,21777.430533335762,19527.294091906784,5722.814271183461,14740.249030666884,10753.987218329292,6925.401976905664,10100.217523931935,7459.471913887017,23426.151536772086,15489.472310866167,21148.53746582604,11951.95789895274,11004.021035188614,5651.890731058036,14404.862039619815
18,,29399.234427519328,39582.21347522325,8431.373203114526,44600.97394881047,6168.630546707761,31383.489813772845,12796.716137831074,19635.04332254778,12536.36036636143,42838.423703032,29095.074525895645,21353.330054111626,42799.14124703197,43068.08920648963,15621.989785832924,11812.628184154466,16943.639568127994,23139.389911681457,30054.312410553022,44579.612018162494,19412.33888805514,25063.843462488872,34574.091293293524,26558.772990198046,16036.374524790168,19109.526476117346,35044.33439444575,23059.74560478478,13746.375226064549,8158.797086754249,27079.341975334224,24483.676563612775,5940.216065376224,18914.174440462346,17276.02811793817,7547.620338685049,10489.436742356316,7289.491283083738,31151.730505704785,19036.87599160916,27863.355283048528,11859.57345975603,11990.856887011385,6594.711436902348,19364.513388198015
19,,29536.953295225656,39186.12093892536,8677.18237363024,44970.40723337175,6660.781378660028,32065.481041365998,14967.050475285736,19183.89812924688,12525.095221352713,42802.16842917504,28723.454955177018,22416.417165632112,41876.68614980662,42099.267638031604,15771.098841718233,13224.950932162881,16116.247663887743,22439.500840424116,30263.004723535483,42530.82804207856,20120.30065081729,23639.6899499813,32806.431833334886,27344.674742881965,15812.514381666328,19339.780707933947,35014.76549044732,23737.795803122975,13741.748551881157,8260.190790421624,27136.375460643365,23612.637446879282,5805.832399794884,19445.08260622806,17053.925420009997,7153.865946033175,10105.734010844917,6806.902623534094,31981.569026060977,19210.840166834692,28156.686728456785,10142.20457124229,11773.727901019092,6647.356921917447,19589.050696326325
20,,22981.791380963474,27198.52173380252,7161.862565632407,32301.70602919372,5330.176392274328,22498.24078897966,12932.263652533798,14004.749370734575,9224.495705044837,28350.98357121691,19512.287660570393,16205.691670331144,28265.674011976436,28479.299554137182,9384.759701060644,10612.275114980148,13392.979698563173,13945.6871808342,20685.497458398277,29996.538911134892,12868.256986661923,14978.218568003627,19748.606407225718,19199.711468582045,10405.422914601513,15010.913072729454,23682.406155405435,19533.764041695846,8432.027342494821,7576.562674013912,20705.474012846273,16432.770745942984,5747.187362840191,14588.300766800101,7170.494227192742,6715.352749334326,9849.034320741834,6664.763399402162,22163.5738543348,14401.00146792455,19501.514796034102,10085.8088781344,11125.845304079457,5902.259638891594,13030.249710328755
21,,18920.274576486427,20197.129430073586,5946.635969380885,25119.339008237028,4014.8099427754146,15575.65708247821,10034.835527631943,11359.650908992111,7186.852839483272,19662.267961789068,14529.377665086271,11519.046854349966,20853.206828027945,20085.749559537755,5208.46423974572,7683.370136736161,12817.193832308985,8913.183483370198,13732.560130109756,23166.695318446695,8240.836660687386,10529.171057904014,11803.47219503587,13789.811915152794,6665.610664043043,11810.350827551683,16920.351477691624,16247.364656605949,5159.626252774393,7743.509015387207,17951.81218262531,13053.300751962968,6078.350264855814,11595.604924766516,2081.8339650052394,7141.284064791087,10388.328987496092,7128.124329635134,16017.540338143928,10657.406981353317,14655.075222482015,12150.47073257876,11822.653034504598,5701.21492926705,8331.297983022692
22,,19733.825247720404,22771.434407868594,6019.072957041122,28389.101162806237,4121.536151776909,16680.019424010723,9259.567247604022,12507.0220476808,7765.482756695742,22727.65660947438,16750.61374036607,12187.661453081979,23984.74281753094,21938.4839797456,6471.74339078574,7216.283742573794,12851.98194456164,10419.096878789249,15187.476177808465,25113.566491522284,10126.666530931107,12426.016606767615,14100.574885500617,15105.134116537609,7552.4954263852405,11987.527752315185,19709.98042338482,15528.553616901221,6247.468205129017,8251.792896124318,20494.16908488333,15298.879472373612,6367.967106792555,12568.335078047243,5205.910966863277,7531.046061245518,10680.904923055357,7481.364294015506,18536.7398680262,10629.65412526776,16983.89201017075,12701.901882562563,12629.848488210326,5949.530632898308,9124.02808864373
23,,19930.89250570067,23916.210938547858,6168.417781894874,29988.07634572568,4555.932766149119,18000.268065133496,9103.724179961828,12682.74025286714,8068.596047688561,24507.033788727087,17371.010690445633,13183.805788247246,25282.21838172044,23814.080093385815,7416.203792477,7559.812775345857,11222.197627038482,11367.457241797265,17418.952560981324,26029.311000301903,11153.115581561262,13002.624272699257,16009.413863222317,15566.228516065612,8706.640575941627,12102.302530280218,21035.288303824316,15299.301466589724,6925.506439396206,7867.020393998229,20909.475645551924,16080.618105583759,6191.1116654067055,12741.825234837805,6302.051414238708,7189.195224159478,10213.843769753215,7540.428278674678,20163.32932288355,11133.788838924176,17831.045236094124,10939.957186095084,11820.036061436218,5882.964866291256,10348.591832242779
24,,19816.249032516713,22475.78703479978,6311.766852638624,28541.15815266161,4636.8278377578035,17398.142053527426,8614.200317816001,12147.515631679835,7872.856624356576,23260.61428026503,16335.281876167526,13358.667417830153,23426.9736250378,23944.544113031607,6611.436069705102,7269.78393258444,10620.774788579472,10926.011583510593,17216.21252843118,26269.238853136874,9572.190124479062,12054.855132864488,14612.96231189018,14371.670008178193,8246.824720512015,11925.125165014204,18890.712150681262,17095.863967631296,6292.265865006535,7539.1316198364675,19508.211486411936,14708.939896946278,5996.869189175202,11861.31046940988,4517.888934119146,7036.3126149567215,10028.024960299183,7835.015567831902,18509.117935231145,11431.5111863971,16212.65973846519,10392.812971225792,11072.907211737922,5834.707473735591,10085.191523499201
25,,22617.662842311067,25370.847718266912,7053.204679861909,31416.927212972732,4948.112790229314,19181.44758826645,8944.10110638406,13921.732831691072,8882.677364584055,26417.260170051224,19325.695017145004,15275.172720272638,25527.320553600715,25998.97347053022,7499.466094916119,7168.908627053045,12196.189962257988,12839.018810280502,18473.08070153304,30307.34584574438,10477.518282708681,13860.816623991514,15766.098132545754,16282.674624222418,8248.640703777215,13630.778167897863,20524.880472345394,20696.70621989743,7021.82110919216,8090.898745748474,21467.09235522415,15517.71528142428,6293.554200790554,13139.69570993829,6264.716007203179,7644.220834577574,10369.224015044814,8111.181487948142,19146.990268643545,12950.295541065161,17271.282626229302,11939.85367966767,12015.388120414978,6129.368584652265,10734.367702695588
26,,24832.471948288392,28805.876915774224,7448.926931742151,35076.36705856928,5242.747710289756,21177.198475753594,9682.027382634435,15745.827944033797,9834.356391008152,29761.804596761573,22558.106155589005,16968.80271366352,28472.737033015906,26392.00753200815,9036.451094325948,7463.171212874226,12772.988615913993,14461.012287121359,20097.685076055783,32252.742168730787,13131.75105153756,15539.95350026961,18046.008991620507,18486.189161984053,8548.12277787667,15025.36610604875,23673.504102768933,21438.788880522512,8062.821084923032,8238.892606743666,24005.349286205983,17145.375887950468,6636.9530138747705,14895.29026913509,8925.272663890924,8075.863562069703,10272.795029206267,7747.764736892828,20851.48161824213,13955.954430489319,18877.7588506142,12365.136613929724,12719.951964048845,6212.736334501225,11575.211085326167
27,,23112.194029715025,26541.938553448817,6938.186888923675,33334.38436669874,4923.080857536114,19632.960313943084,9512.82274689769,14746.432621525322,9136.371937217798,27420.64971447149,20891.65462530292,16201.581586593873,27155.150336994742,24002.84304782841,8422.530911244146,7395.442561818619,11876.121714770423,12915.888984006751,19000.318879730814,28646.457766650918,13291.604914634605,14058.045096616777,17094.047201222897,17102.500294686248,8051.46551740536,13761.660454081648,21965.939065053233,19686.630736448977,7537.993423624716,7507.987134425422,22612.648991468952,16462.566160781367,6499.340784702299,14228.056737932046,7758.488322046167,7708.943893075571,9778.136788967253,7276.555518010317,19922.24795935089,13029.539048570017,17664.939087748055,10912.060059290518,11754.974427451454,5951.7729238512375,10949.935051930705
28,,21286.684334314963,23666.130414705152,6716.314067779273,30749.515040174465,4597.637008698003,18075.11671831127,9026.77609962752,13274.753418877928,8346.11817050232,25119.089603855333,18706.359235156993,15450.209807072148,25609.948230339513,24450.866112240765,7348.737400395901,7126.337826787806,11917.176730325817,11868.89778118446,17980.839744602574,26638.142752449116,12110.05785013359,13161.471526887573,15817.83297018125,15918.849973077751,8005.157203722703,12698.520671421584,18871.062232761586,20294.68860911334,7074.121683410749,7243.632381107077,20551.44626602259,15441.607625007236,6336.663857821175,13009.406927399483,6381.309089411157,7290.162978043464,9685.270502455094,7489.649469343095,19065.751320268544,12506.002650867536,16863.984151210985,10539.04246338161,11030.7027314517,5857.330903163811,10538.353222856584
29,,22033.327582560258,24903.54439344385,7057.699592650359,31511.715559049942,4778.771650751849,19473.447299657586,9179.809322562924,13452.890962867748,8666.60521830974,26345.635096344886,19550.053388384826,15828.520012327015,26415.791702533978,26804.717024290574,7636.2100867660065,7166.464493134602,12318.279861755907,12990.536525379997,18967.802127131385,28335.250663871295,12070.598811595735,14425.560570815422,16686.506717707944,17115.697689590448,8720.417389094866,13733.034645828298,19507.876561131936,21791.185991401962,7595.504078078397,7604.304375152219,21231.632991114984,15957.150933583991,6654.765331535243,13260.190402515382,7564.514505362466,7383.908412771532,9662.423379033888,7859.3871485654145,20153.557661534436,13320.461980462576,17911.27361871708,11973.076878589829,11683.51026537755,5938.853531668886,11171.190409712572
30,,22404.57336254875,25614.54491423346,6811.850847587543,31719.518913099946,4843.258103271103,20681.128397888806,9561.732355521131,13489.839371277962,8788.383144807627,26043.636397072954,19699.908534144175,15136.824150821825,26218.763719752635,25525.64147803604,7806.064513083593,7332.605636081499,11681.585473874817,12822.581707385547,18723.31221696906,27913.640418431612,12033.05745174666,14472.962945126206,16642.63681042033,16872.319968164396,8620.82072180551,13979.656298681088,21194.58329232515,19616.62515043953,7546.506460203948,7458.462242955451,21902.208594017546,16199.73257541706,6915.547218522643,13537.467717724827,7845.287015215143,7369.099364374101,9119.044840383714,7582.41482953806,20421.132673626224,13222.350876071703,17616.345539977017,12428.961314783117,12098.374329248785,5901.931056557258,11061.226641078187
31,,21398.34480343355,23567.939131288338,6153.26981200119,29946.12852700511,4596.877427677207,20074.712268327858,9792.29546763635,12591.742524734773,8293.536417229458,24095.685664772314,18019.756791369815,13861.260182021033,25372.382484804562,23419.244073098045,7384.9901794850975,7466.071543603792,11503.960044050473,11344.073854478476,16968.881729541416,25847.132341276534,11465.276998320684,13481.725041870412,15491.433826276969,15017.511653680835,8135.603352758135,12492.171210876519,21249.6555644427,16389.20025893007,7021.090022159194,6963.47055629437,20732.642125676935,15616.388953833432,6562.280999798231,13068.642315837402,6441.143646797604,6762.169562023001,8748.407224938315,7134.059645220403,19886.12591280211,12129.839990157254,16526.579992288483,10835.731505508833,11578.396771084741,5836.802550692375,10360.203049468624
32,,21563.584105753864,22992.16638090349,6237.279076864359,29569.31533313841,4689.328898956227,19833.905711599342,9907.82834528641,12475.444401688022,8413.249311915002,24915.385854669417,17802.808583976024,14260.646476108752,26503.45522370047,25192.34470895309,7665.473417085676,7598.948172685742,12292.347075080148,11739.766649170972,17296.88500816277,26793.144392342663,11594.62253316273,14229.048262869326,16230.91309621976,15403.768461579135,8758.982964145722,12275.0436295778,21604.743918315955,16881.198002114754,7366.809487478479,6912.183869772391,20028.819749508017,15687.642996061342,6233.509961161095,13000.519530221887,6343.524739034948,6325.787308651298,9210.356823811459,7342.533386283944,20684.02669576894,12279.374291831858,17465.97994033292,9650.020883205181,11363.617972550415,5795.770230167451,10787.538358443158
33,,22835.825498385006,24527.108586933606,6727.694712337862,30473.104314412936,5077.868093271108,20233.73066317864,9533.865136433129,13405.287676566855,9079.276455604018,26511.574045296144,18815.616869516994,15263.375227872706,27539.35245082039,27323.46216963179,8292.276209780783,7442.543365367556,12308.488501465501,13116.722493096699,19207.4036726683,28827.30629355514,11891.439503500862,15404.304359196361,17627.849163956147,17265.34032128404,9580.464102763372,13738.062866156002,22803.990084163306,19088.321749264287,7921.005566785223,6966.619096745144,20739.21357498774,16158.868246596354,6700.380255086767,13388.607628608877,7249.237821014502,6884.418643788484,9814.260399895096,7896.727395923899,21325.147977674023,13380.954606169606,18760.062216223603,10621.133532813174,11757.638621587297,5676.597641404475,11655.672722241665
34,,22909.708312864623,24932.954978604503,6616.900867675301,30480.273263101153,5124.568953015091,20031.920516769023,8699.038487930238,13950.565876903283,9182.582340572448,25630.46279072555,18812.04787485976,15039.525990771566,26870.575932636606,26548.76047696136,8326.041928869568,6921.146431909118,12051.948062543232,12980.836950374634,19473.958202471855,28675.921036775017,11568.10908358751,15042.669021816959,17272.7932576682,17308.056941077088,9449.907056644459,14039.25158282711,23326.262279327973,18960.66152176347,7722.38124700784,6816.8342374559215,21399.93579201205,16139.031264361043,7378.885325587009,13563.32515606198,7178.172473204293,7791.237475903271,9827.68885178409,7914.101650687081,20590.990179183893,13446.353247193878,18395.677037687037,12017.872940483772,11917.657690187474,5654.0776032873155,11552.750928255382
35,,21834.456067438256,24159.938105664176,6147.993981207441,30322.40864675742,4913.6528545607225,19701.205945321723,8126.821434561009,13638.824194003657,8869.348821014295,24780.10756642835,18556.756455832445,14543.064795344788,26744.547228395004,25800.773355075933,8288.64257242905,6425.087555093467,13129.77201733446,12372.432674028492,18609.18361642562,28021.12074941043,11591.177602606896,14633.686444716743,16815.94788808895,16231.764158533482,9289.349165380407,12825.365949709923,23314.695149047395,17155.153436969158,7457.5130855454,6948.456671017839,21341.344376935496,16193.835581950045,7233.398377622744,13622.856656826913,6858.08364413886,7776.787812453124,9547.253070783432,7382.999938515397,20640.92509328151,12632.5305054323,18162.556056541416,11512.015394596268,11741.606201589178,5783.884633082333,11146.81676223647
36,,21332.44359310479,23777.64370032912,6030.598231799213,30587.826072328913,4915.067494811361,19745.68436435363,7920.162103807559,13069.924849052673,8874.625486073808,25223.618796922514,18735.003811159666,14714.659735076333,27235.753326421724,26344.30980431827,8435.284888938144,6120.119296504619,14142.660620149707,12590.689011297483,18603.537146468076,27973.548938328768,11948.732648241894,14948.950575889306,17376.144343167467,16122.458318335986,9509.304632466235,12381.286998683525,23283.613078304432,16462.906962299014,7486.292094186656,7249.055975760452,20796.94301973386,16474.268242468053,6586.213180320824,13482.44109891214,7169.532734805764,6970.460251379403,9422.625143951565,7170.511715255938,21607.05641894177,12375.578153293722,18749.594799346178,9963.903148785228,11667.314196372574,5780.732905504783,11235.148665011558
37,,21999.00832905358,23654.37998241874,6275.849720650598,30459.147388513124,5049.636602595536,19732.032610482445,7709.002368853187,12946.02238664027,9047.436033716072,24646.420786955303,18369.301487757777,14922.844408756302,26772.478998390605,26372.031384393846,8283.187573722886,6029.448304670719,13546.361043765917,12624.72487768205,18956.81373679591,27693.204990455346,11588.8517536873,14798.16627541742,17269.17803038619,16740.656403256315,9276.531063426519,13307.137189369294,22883.474633471156,17710.412419875247,7379.954538382548,7141.777910513871,20298.53702290178,16377.733226700919,6604.015109003387,13107.508318064743,7425.962166536544,6674.029580346041,9424.207169861442,7659.826766715347,21277.241776503994,12901.27598066623,18734.405917393397,10043.242352406165,11884.296481847317,5744.303506447797,11398.009821195017
38,,22871.183445512277,23753.375141889235,6532.958139753509,30550.542955698667,5024.625561148201,19645.26720537772,7595.727730933259,13418.355218476268,9000.61685768863,23684.31133769633,17917.05384876074,14946.48325400868,26655.547751687798,26248.11288145821,8110.271229805826,6299.922681052268,12756.659518521077,12155.291343488374,18872.67099175589,27964.398839875914,11193.605252016496,14479.31729515132,16637.426150847165,17158.544691823572,8916.563505398663,14158.52275192078,22455.619112686785,19112.933174545215,7341.866700614332,6921.704122923849,20593.452176471914,16269.594132478409,7290.533120070486,13267.500008607047,7348.650901700679,7185.0902851891515,9429.415682877605,8081.095130334804,20293.407913024672,13410.549007301512,18651.530239747517,11666.400661462489,12431.39084926962,5986.202570675721,11383.505870942774
39,,22464.90517649991,24050.706245978272,6466.040872902249,31119.963803142364,4873.172337239412,19385.351753617124,7610.426775756945,13555.223505553313,8882.104824874277,24110.880398457517,17966.661060110924,14791.520162517894,27259.32785014401,26356.047164930213,8248.195465700497,6654.346806002305,12854.618192246617,12108.781204513425,18753.97254665479,28437.49382360011,11558.167683309914,14688.257923896603,17069.241262298823,17007.033677471583,9233.792353056733,14071.00339489348,22434.63957696699,18109.690220482364,7492.396920117557,7063.441166297752,21114.823562669382,16543.538150507804,7503.6540417853685,13841.731773879595,7067.379829784668,7410.137934256016,9396.517105639698,7747.10049651077,20413.120489103596,13298.136017494266,19315.825985863587,12009.471271627655,12767.357063844924,6189.088569202026,11218.99026530471
40,,21146.97701916436,23905.400972048697,6094.220414405347,30885.85361287691,4826.978489901079,19203.5998915144,7701.456289506363,12896.966829045077,9023.973849786475,24420.87389463365,17612.050364601822,14253.884527178665,26597.19277286865,25711.894193265154,8449.108043924825,6807.316381032351,13081.709685377677,12777.741426434632,18846.193857259717,27545.074150931247,11763.306035892783,14834.801100942685,18153.53458382417,16868.9320313596,9727.491976876752,13772.180628988966,22878.463136280177,15767.748187497516,7506.117904539433,7259.365610883991,20763.153931958834,16755.73791747014,6955.936222145954,13748.095562808592,6917.152880618596,6850.501059931806,9310.758370626989,7295.840255121952,21047.835685083668,13095.183641099673,19671.604415286012,10529.430897429776,12149.590457341368,6044.378685613788,10991.508277850713
41,,21441.991023946455,24282.84563353499,6041.12882881442,30572.81503085628,5041.198292468312,20556.144733582936,8418.319064530438,12833.71543585696,9489.982459965328,23999.163497428683,17484.174965589635,14189.75141391787,25941.255620531625,25807.66989241104,8878.34637470283,7333.409488523461,13310.505855803824,13936.745947422423,19298.39297935003,27546.211810038225,11701.020428754447,15197.309514848364,19199.354940156965,18189.271080663897,9952.2675276182,14403.20296402338,24329.19170244958,16434.16206632195,7763.0550671552,7259.876154433638,20566.679792096267,17015.889522960042,6633.796833481843,13395.180791539517,7788.171759456201,6413.318658528985,9245.138012390453,7578.898321578138,21770.42831328798,13952.929171990221,19851.89391713601,10052.837181241413,11361.897205991338,6004.1605748854145,11365.837433033088
42,,23479.641843661062,26023.704705169766,6503.892902945012,31651.59639225143,5312.65289437591,22764.416754346876,9640.52646303415,13919.982399210026,9851.397887472622,24357.71618859308,18760.240259386752,15101.957952501574,27575.2186078001,27684.520554889266,9384.773363272861,8431.124495428441,13631.136429804421,14702.205138004034,19900.632651677053,30150.816747513105,12266.298710357883,16093.499840924094,20256.2192778651,19954.952709331483,10193.887082417717,15524.24025098992,25777.051176009947,19686.098697550027,8358.816414625988,7229.122035397699,21645.15122018157,17541.066509120534,6971.656528045438,13798.223918034637,8914.366289015079,6772.839971822626,9206.590234435123,8024.988518145763,22816.05068640458,15207.527732046614,20703.480094693485,11619.724110032375,11849.495420011986,6265.498988367501,12255.17916287269
43,,23870.56531130012,26748.457516400576,6690.856035965259,32397.647740688037,5217.256436582143,22598.562211495766,10046.041928578852,14282.312703303016,9623.741948516696,24652.898156087354,19472.842084740885,15510.336646803888,29030.86873248413,28223.15363016891,9062.939212716276,8993.97719307022,13401.70817800493,13925.406532512727,19546.9468908223,30977.778388517836,12753.615628230966,15973.836155184203,20305.602398617328,18984.72031912797,10160.949488281423,15387.809688307585,24748.303155354435,19897.233824333456,8281.70850644654,7111.307283170293,22335.452879007633,17563.92168549782,7155.460258160882,14142.689161477227,8331.548095778038,7234.550868880712,9099.89058850118,7674.53326322115,22813.877070303144,14811.129146250012,20805.81813848873,12480.910880232073,12854.034031008363,6299.944310447527,12233.63127057781
44,,21950.74054737452,25267.78649065811,6362.622559224937,31384.159372866296,4877.229890406291,20658.411957415054,9689.233701156312,13261.81378925558,9149.117263802873,23726.38541820395,18211.9488528371,14848.56758759136,28308.83841365437,26646.84212936386,8455.914890848244,8696.035544045772,13179.802862109473,12788.71803575155,18580.49749531194,28142.258141849434,12316.612072106014,14903.3116354397,19257.122679365664,16597.32750528094,9691.09039704651,14170.920979491004,22633.860889332136,16926.89775131487,7709.705325013858,6924.659289660305,21441.534275965038,17056.519467076756,6711.911284148921,13579.984247443417,7219.3299753899455,6937.505589495256,9026.829467432588,7054.517221659326,21465.265767112924,13424.96569119922,19668.99792014023,11003.844082869879,12489.261457889677,6068.111629674677,11303.172011164344
45,,21199.83330795595,24546.165289924833,6314.406282924146,30664.52372715993,4877.235626756604,21034.61840625109,10215.966693044656,12743.263903917106,9084.00466871132,23292.70119231259,17500.616550956558,14652.7261929983,28022.908346020842,26653.594536523196,8955.339136480492,8824.281809022212,13878.374934060686,13370.413078278852,19054.454291533537,27041.317260135602,11894.438611909203,15303.081973774375,19121.412795693097,17516.23486200063,9597.665470730859,14235.893711447912,23437.371328517784,16705.338939969133,7992.074822812704,6955.699076647503,20652.315304188724,17039.83654244508,6368.871505469698,13093.199969814652,7931.574965328173,6317.538021698017,9153.053055673241,7235.769492655801,21044.435246176537,13816.00865833458,19591.043467762516,9555.34810145531,11287.473537883516,6088.852752795182,11157.887289124259
46,,22452.661786297147,25526.23833523868,6600.672968849344,31242.34841279949,5133.141897483351,23042.271221825966,11428.923184646383,13224.50641432425,9156.660532774835,23825.454792625333,18417.235102715887,14994.326742929015,28800.874096684318,28103.58151610168,9610.897151259345,9624.254020706905,14261.713912618598,14210.80347669005,20529.87025675646,29385.601091859487,11864.411273845244,16537.582209634977,19747.441041138198,20606.774281646445,9889.559849303838,15794.671461851525,25898.03590909791,19496.41777686778,8547.900059975182,7007.196606502708,20898.48164112188,17229.643231323866,6727.020312983968,13282.067990917176,8758.849584365611,6430.317719648765,9302.112864005043,7842.297418631884,21768.37150415892,15492.846194347125,20582.681287504885,10394.944971867097,11245.021348984026,6245.227103728965,11685.885154665059
47,,22744.556479560862,25285.26433650383,6456.236052281653,31500.38027819343,5015.177923795947,22566.20756515686,11563.005420936144,13197.476592428435,8820.068002741049,23764.150393224838,18551.494087426727,14472.819237230842,28239.179724065558,27326.635022973736,8911.524136539127,9761.197355515578,13499.881602106885,13020.600104870764,20387.979406210816,30120.1634945435,11597.724330408566,15825.403065642218,18981.86551222845,20685.61177432969,9642.483653308573,16232.506599260405,25598.44618871928,19609.479061827897,7968.154951381083,6770.730244436946,21024.446656407003,16827.812033220576,7233.004787433982,13388.915436318257,7671.451671761347,7144.019444147296,9221.360590901366,7767.953372322037,21637.76693797716,15449.885829756277,20261.805440356016,11958.561221808863,12140.389690342707,6119.98742049703,11373.199082425066
48,,21380.591830199413,23538.105352890958,6034.677129960725,31127.978328956055,4618.554574328888,20430.66163064347,10907.289965027025,12592.830246611127,8414.897104075506,23677.717739282074,17592.395565391187,13688.971553622636,27210.13874173697,25199.129925071393,8052.507132878422,9138.727677647594,13182.826799688291,11630.824201873049,18883.12012565663,28094.857256141673,11677.004266669517,14244.254726811907,17724.251554913528,18309.998657347984,9135.747990926584,14873.774396385706,23302.440909994453,16618.24390495354,7152.141270136367,6693.593965469046,20763.040513256372,16599.85130274122,7114.936006742897,13169.795809067547,6797.609984193875,7236.467797337896,9016.428337398702,7142.359338419336,21147.697548740965,13866.198919916287,19320.11216964081,11588.916914879008,12073.269113901177,5954.624652103779,10607.291102333329
49,,20588.453795386562,22873.747356447813,6030.472863612685,30850.05435597942,4550.581319484547,20016.42259515871,10988.838905368133,12475.218304860206,8384.490226995362,24291.584441927625,17477.324879256354,13906.833902253758,27511.242520474683,24728.255679720143,8195.390519247689,8986.283614493526,13603.560414037493,12018.502592130475,18293.89485140081,26951.081262787837,12314.566168138419,14201.292699748583,17909.54126262135,17496.56345085908,9124.406333166777,14043.977939990664,22340.209295183686,15545.552936514592,7235.018789458958,7009.046431925128,20622.85160724407,16945.866531875534,6559.934540440535,12947.58682760426,7277.352690102677,6522.13914137837,8928.912705539746,7042.509969028202,21605.66527217138,13355.021265637924,19748.471063310746,9909.18761998229,10872.532967380557,6026.685413713754,10469.24527675264
50,,21268.393887648974,23503.316132041804,6294.241013978332,30702.74261664917,4772.818095328348,20597.02894174584,11505.358928458176,12700.408365444828,8556.911334326498,24393.813748421955,18109.008041945228,14342.410046999024,27533.23960871666,25316.43265974676,8230.472158292565,9272.614904247233,13163.95111579459,12304.632180591703,18545.705755761872,27375.926433683104,12116.666196815568,14483.964719719843,18166.1333026213,18044.10379955385,9127.634363262923,14871.408396022356,22402.911741621312,17568.851114944096,7274.64021377013,7076.374550579341,20458.047408065828,16929.30505256754,6362.665412473996,12865.12350837178,7130.091873360088,6293.152153718161,9020.665103489144,7712.032483299474,21916.152939811505,14093.288859790578,20587.509172792565,9806.779690139629,10299.194636696067,6088.842906674827,10468.131144786248
51,,22524.621670292006,24292.49497429543,6442.953455908026,31546.963733243203,4855.155594528735,20374.738005969044,11546.160815130253,12909.036953278042,8828.239140508322,24883.792192765377,18867.77025417408,14304.444840597154,27049.888991760312,25837.91850499572,7993.0946435083515,9100.247294789131,12332.699742570057,11651.654618223418,18537.37855717065,28121.38449659354,11578.99138330641,14014.882407974792,17633.21510484923,18221.871349731762,8916.547487541917,15869.31406308257,22544.17795869865,19075.586451911528,6893.365687318189,6792.397598398824,20747.759096181162,16934.827127614026,6716.2164200747275,13415.172406174568,6686.693381687094,6932.290453021383,9171.107177746422,8213.273215381882,21879.3025022103,14433.534071564669,21014.18394666172,11584.404978103059,11196.436499868481,6066.129949490052,10324.878232366766
52,,23140.466082220704,25088.692298625312,6491.442073187036,33241.435142024115,4771.191885498399,19992.174093637248,11391.454829527695,13309.203216720918,9111.052474451333,26863.967240327285,20073.913391721853,14522.451388982863,27980.01880048521,26113.985522209,8512.457293781274,8734.493048851464,12311.010683366649,12134.380606956562,18642.60513827188,28857.062596570697,12690.381317200314,14372.027891340853,18316.384641651017,18348.89386621516,9176.180413211809,15599.573836624922,23365.63156980122,17819.422134883538,7091.115322186025,6797.4312995175105,21795.257292167084,17835.095958977854,6892.7293014409925,14375.685980494787,7079.821171166805,7085.817904554429,9152.830120090324,7830.031352256528,22775.99929332768,13989.932715753497,21839.9581812416,12186.003186386435,12248.859329070216,6130.847102704395,10588.246158340575
53,,22354.87445410636,24996.200839522993,6301.448439435706,32880.064387636725,4719.864888586045,19516.46328629613,11088.23090735214,13499.159907526144,9039.668182892508,26786.61512193161,20370.317407866245,15061.304918108315,28629.117845509965,24981.435684091986,8876.392777996301,8801.245686907532,12122.607573688081,13470.622622237273,19202.20431277527,28245.066664071466,14137.018665827238,15403.283695467031,19961.57792280801,17945.66302154339,9575.75931343725,14416.086989532554,23793.338110463974,15656.106643169129,7581.5381490941845,6967.051071095454,21936.003082656902,18152.940932589085,6376.70227731795,14172.037668012264,5994.932326731194,6242.856351118399,8985.402373839708,7149.926847346117,23338.198163797428,13363.548268556786,21961.59928741424,10368.928255671393,12041.749549346809,6151.918793404335,10782.932253535184
54,,21508.207878467765,23804.705132920266,5989.121768422179,30622.12060986436,4849.693409779586,18610.11686450724,10346.248449598232,13324.04461728469,8879.02555624324,23376.42922341587,18827.133909831427,15506.751836354197,27095.265985789283,23951.656895845008,8270.979702095068,8925.951856333246,12056.31386675781,13508.255585779161,20143.276963364493,26683.629143367893,13424.392898085945,15433.713667174909,20003.802667066906,16891.952620716773,9338.604857702072,13911.760469094417,23143.88381248809,16116.159258070491,7568.620761058919,6846.28264502055,20744.931010683133,16868.264623227245,5854.041950409184,13011.0220165136,3441.3064642619656,5738.50984246566,9093.300457510359,7224.640113926325,22218.483115485524,13242.530592902982,20434.541935643705,9173.219488433135,11361.035471470987,6048.0479988443785,10570.70813135687
55,,22380.223427313213,23543.684867001855,6156.12793582248,30570.356574242032,5166.013405156412,18469.70354395992,9935.60137696844,13520.256909534699,9128.049059256635,21950.289157711297,17834.101936838175,15799.5024976812,26156.332624740426,26068.075825554835,8253.706156573358,8686.15927266048,14157.50425880542,12701.906159902635,21418.117164757736,27438.305389585134,11857.494838223363,15010.855616623383,18658.58462348711,17446.40900836415,8959.637843989029,14759.097982227131,23406.906387872805,18923.252405679283,7560.510404269413,6864.999703328788,20462.85823452537,15871.9619613965,6211.8741687228085,13117.081711162895,3519.819513833575,6078.542745602078,9479.94181725729,7885.181158743106,21448.321565510993,13902.977196190142,19598.422010096503,10688.87925999319,11918.676254648097,5993.701439781954,10844.603815589833
56,,22996.86151185758,23889.996462362004,6482.375095096062,31955.6606462772,5232.641396901383,18443.953827608602,10177.74136357445,13577.87980690581,9034.921784988419,23431.334441132905,18070.421160117177,14894.29275418496,26513.324301409182,27510.62347821116,8809.84484708569,8355.599556179368,16432.376715368675,11835.51651448523,21270.100148507197,28943.627676997738,11305.458972694758,14527.714303613753,17172.22847505146,18716.690502270205,8660.923682316834,15108.936585743202,23688.21587337836,18915.75449071084,7374.459072094852,7197.641677033127,20987.12601816806,15940.460329837559,6905.343062774217,13980.890140548712,4991.499867353496,6017.970278388994,9416.936372929707,7993.370784570185,21504.479331050796,14021.739673490163,20017.224739283924,12215.37646449116,13157.866299488942,5872.441610094473,11074.115035608498
57,,21060.902061179222,22442.590164475896,6124.397235040559,30697.877143272075,4752.7055248586075,16572.39209025767,9930.075817550884,12521.657733094067,8130.067937835997,22510.56445470574,17012.498071537997,12644.324949941023,25094.696269944136,23487.22034657812,7927.499790921118,8147.798959387919,15112.90170425906,10207.39046471859,18497.224991109786,26619.888428842107,10809.289494842349,13043.6965235691,15073.309733489577,16891.666131189417,7901.137907383416,13461.733177127824,20812.76834098409,14974.853929356708,6271.212387771559,7129.543494750946,20028.196642219766,15627.846416989898,6735.421789169446,13220.329028395068,3029.3131037933776,5268.973775901167,8834.39157799459,7422.266173185912,20178.180655299057,12560.334396114695,19151.964060405164,11157.219405270762,12948.702415277081,5635.0646650945355,9933.608413345324
58,,19692.545285884546,21265.921228538624,5808.201078679329,29279.02183125034,4406.822981592913,15159.785884413159,9166.708918662016,11858.722003523451,7913.168863167206,20393.263440938113,15699.90113367168,12034.670327534634,23683.586268791263,20028.46279887076,6733.575448964386,7920.564772966533,12412.94211034564,9328.490449892453,16555.45595992562,24077.86646151155,10305.183964813918,12288.949770822011,13564.219990094272,14206.803572531218,7591.254082744514,12094.66883022804,17695.493799169115,13758.42184515447,5766.011838883821,6749.074648886423,18982.153554590295,15389.772241215234,6009.129467230445,12068.182344496034,510.161553832173,5162.898106573235,8731.760863831823,7184.731921492114,18906.275208614083,11670.691430356974,17987.487865962867,9628.930727220564,11473.098293742114,5765.836170179853,9025.039581920451
59,,21511.312744397652,23062.384493626596,6458.384785749193,31207.687694784472,4692.475903631107,16712.415472878936,9120.927621293064,12829.407549449461,8866.038020011449,21903.403287844267,16984.53697213664,13859.25464947031,25600.755674855543,22935.506468321553,7434.457047310438,7508.577017359432,12416.746024822281,10878.957137581807,18129.38566292641,26725.270472088003,10876.695125687625,13970.35230375003,14419.88621357055,15540.346656396126,8540.22817959813,13237.000576251548,18964.092426193783,17326.144338907852,6938.207780013138,6843.318526668909,20152.291927996474,16282.771660314624,6082.6348436172675,12779.718214746268,2049.244693487396,5967.533000319081,9303.354632165387,7478.858991219591,20148.241989103903,13057.056510071505,19069.4966937953,10280.761657877938,11031.256346775037,6187.869636860652,10037.443544902313
60,,22505.632429442823,24011.206219927757,6825.646511431453,32215.626579002826,4791.0611634093675,17634.917839361347,9380.011748335553,13293.10704072876,8944.68212917102,23448.71977083949,18142.553958617245,14115.823615797432,27000.100234581696,25228.67292065577,8087.996823744452,7007.7631149207355,13300.67487328706,12030.465318995635,19307.374920837105,29129.621124589205,11084.95941300787,14884.392812251393,15311.765646404272,17751.091093835643,8912.166785185811,14498.799632406863,21195.606657562228,18268.995447265323,7418.349939725333,7033.571548844423,21035.920195074206,16620.564489401844,6906.509885712239,13487.07803974106,3352.6491529855357,6427.438532967295,9501.977336856218,7543.253244001977,21000.546375808233,14031.803266968987,19858.643470739997,11666.164232814104,11963.914983825225,6047.324606603784,10746.257438906201
61,,20408.978778666406,21779.483243010967,6011.833171316099,30294.591704611645,4322.457291947274,15941.40832688436,9014.426885421719,12326.355280496526,7924.389316155285,21676.93444238431,16555.328134420808,12299.888166074712,25395.26338313521,22495.791917106162,7187.832881143597,7051.650329256653,12560.578127902842,10958.020579286294,17564.347475284667,26287.46036088951,10263.901693928818,13406.23189817383,14463.012976581513,16337.45688165125,7945.048905785261,13574.468782685477,20439.20583430218,14798.5267191922,6418.924274242985,6678.638908399371,19898.03588974338,15911.775645541136,7119.752794725222,12746.916878690517,1399.8716367749907,6099.319017610861,9117.256333468864,7380.304783999033,19790.544512783414,12784.40948280367,18536.930653871445,11410.669741812148,12376.166355927282,5494.819655269733,9895.69631677483
62,,19724.399762526984,21460.572209759783,5685.823491212245,31043.725250876458,4340.663615536886,16159.836771676055,8970.4624082193,12437.529350184988,8165.075235349067,21969.738617346262,16108.868359350894,12918.40136815539,25782.697446881102,22258.263075533927,7386.378227714047,7890.284925640071,12401.50848582317,10876.223359348945,17141.034944849587,24887.9383369736,10962.640310269755,13578.657766224003,14673.293787523657,15107.965848163967,8053.8309720511825,12746.40309727746,20200.310513398934,14688.236698191653,6734.6746427392745,6460.481565829972,19902.802601956948,16402.752030549193,6521.307510368396,13054.929787436111,1565.8556764599457,5632.132556755596,9058.876295233107,7570.9246964448,20357.283549944703,12207.866058833306,18738.4233379788,10242.021512435094,11584.67602610998,5552.247852809216,10087.26593839694
